{
  "accuracy": [
    0.3026442229747772,
    0.19254808127880096,
    0.16442307829856873,
    0.13461539149284363,
    0.17355769872665405,
    0.13124999403953552,
    0.1367788463830948,
    0.08245192468166351,
    0.11370192468166351,
    0.11225961893796921,
    0.10216346383094788,
    0.08293269574642181,
    0.10817307978868484,
    0.09903845936059952,
    0.08245192468166351,
    0.07500000298023224,
    0.1254807710647583,
    0.26490384340286255,
    0.40168270468711853,
    0.47331729531288147,
    0.5432692170143127,
    0.5884615182876587,
    0.6274038553237915,
    0.6149038672447205,
    0.6372596025466919,
    0.7098557949066162,
    0.7233173251152039,
    0.7456730604171753,
    0.7807692289352417,
    0.800000011920929,
    0.823317289352417,
    0.8187500238418579,
    0.8500000238418579,
    0.8670673370361328,
    0.9127404093742371,
    0.9192307591438293,
    0.9072115421295166,
    0.9050480723381042,
    0.9286057949066162,
    0.9262019395828247
  ],
  "loss": [
    2.9637722969055176,
    1.839370846748352,
    1.6329553127288818,
    1.6078096628189087,
    1.6267998218536377,
    1.448982834815979,
    1.4012296199798584,
    1.3339778184890747,
    1.3622093200683594,
    1.4044055938720703,
    1.3582944869995117,
    1.3591583967208862,
    1.2149664163589478,
    1.2439707517623901,
    1.2350475788116455,
    1.206017017364502,
    1.0727938413619995,
    0.9463917016983032,
    0.8446983098983765,
    0.7714630365371704,
    0.6503921747207642,
    0.6111025810241699,
    0.6243273019790649,
    0.5990229249000549,
    0.5242617130279541,
    0.42361241579055786,
    0.4581175744533539,
    0.39103958010673523,
    0.371503621339798,
    0.3591102957725525,
    0.3008701503276825,
    0.3103322982788086,
    0.25626543164253235,
    0.2174210101366043,
    0.15359775722026825,
    0.1768847405910492,
    0.17924250662326813,
    0.1708109825849533,
    0.1471167653799057,
    0.1282808780670166
  ],
  "precision": [
    0.9590643048286438,
    0.9692533016204834,
    0.9596491456031799,
    0.9524886608123779,
    0.9683333039283752,
    0.9707317352294922,
    0.963718831539154,
    0.9644669890403748,
    0.9589442610740662,
    0.9582089781761169,
    0.9649122953414917,
    0.9601989984512329,
    0.9865771532058716,
    0.9666666388511658,
    0.9692307710647583,
    0.9634146094322205,
    0.994535505771637,
    0.996835470199585,
    0.9973666667938232,
    0.9972512125968933,
    0.9985755085945129,
    0.9986922144889832,
    0.9971590638160706,
    0.9979236125946045,
    0.9983993768692017,
    1.0,
    0.9989492297172546,
    0.999660313129425,
    0.9996763467788696,
    0.9984266757965088,
    0.9996939301490784,
    0.9993846416473389,
    0.9997039437294006,
    0.9997100830078125,
    1.0,
    0.9994547367095947,
    0.9997234344482422,
    0.9994458556175232,
    0.999730110168457,
    1.0
  ],
  "recall": [
    0.28700000047683716,
    0.1655000001192093,
    0.1367499977350235,
    0.10525000095367432,
    0.14524999260902405,
    0.09950000047683716,
    0.10625000298023224,
    0.04749999940395355,
    0.08174999803304672,
    0.08025000244379044,
    0.06875000149011612,
    0.048250000923871994,
    0.07349999994039536,
    0.06525000184774399,
    0.04724999889731407,
    0.039500001817941666,
    0.09099999815225601,
    0.23624999821186066,
    0.3787499964237213,
    0.45350000262260437,
    0.5257499814033508,
    0.5727499723434448,
    0.6142500042915344,
    0.6007500290870667,
    0.6237499713897705,
    0.6982499957084656,
    0.7129999995231628,
    0.7357500195503235,
    0.7722499966621399,
    0.7932500243186951,
    0.8165000081062317,
    0.8119999766349792,
    0.8442500233650208,
    0.8619999885559082,
    0.909250020980835,
    0.9164999723434448,
    0.9037500023841858,
    0.9017500281333923,
    0.9259999990463257,
    0.9232500195503235
  ],
  "val_accuracy": [
    0.03846153989434242,
    0.03846153989434242,
    0.03846153989434242,
    0.03846153989434242,
    0.03846153989434242,
    0.03846153989434242,
    0.03846153989434242,
    0.03846153989434242,
    0.03846153989434242,
    0.03846153989434242,
    0.03846153989434242,
    0.03846153989434242,
    0.03846153989434242,
    0.03846153989434242,
    0.03846153989434242,
    0.04711538553237915,
    0.1288461536169052,
    0.29903846979141235,
    0.3692307770252228,
    0.42596152424812317,
    0.5230769515037537,
    0.5625,
    0.6346153616905212,
    0.625,
    0.6971153616905212,
    0.7471153736114502,
    0.8144230842590332,
    0.8096153736114502,
    0.8240384459495544,
    0.8211538195610046,
    0.8086538314819336,
    0.8307692408561707,
    0.7961538434028625,
    0.8721153736114502,
    0.9355769157409668,
    0.9336538314819336,
    0.892307698726654,
    0.879807710647583,
    0.8990384340286255,
    0.9490384459495544
  ],
  "val_loss": [
    3.3402013778686523,
    3.03967547416687,
    2.806161880493164,
    2.6826376914978027,
    2.449538469314575,
    2.6515698432922363,
    2.7735595703125,
    2.0971479415893555,
    2.2109296321868896,
    2.5081615447998047,
    2.123804807662964,
    2.156578779220581,
    2.1305010318756104,
    2.0734875202178955,
    1.9494023323059082,
    1.899674654006958,
    1.6314860582351685,
    1.3433294296264648,
    1.3063699007034302,
    1.2285354137420654,
    1.0185508728027344,
    1.0259231328964233,
    0.8633682131767273,
    0.8637959361076355,
    0.72271329164505,
    0.613603949546814,
    0.4501809775829315,
    0.4527738094329834,
    0.4581669270992279,
    0.43478453159332275,
    0.4834911525249481,
    0.40664422512054443,
    0.6182509064674377,
    0.3031717836856842,
    0.1824684739112854,
    0.1962006688117981,
    0.2768542766571045,
    0.2981932461261749,
    0.26486727595329285,
    0.16263620555400848
  ],
  "val_precision": [
    0.0,
    0.0,
    0.0,
    0.0,
    0.0,
    0.0,
    0.0,
    0.0,
    0.0,
    0.0,
    0.0,
    0.0,
    0.0,
    0.0,
    0.0,
    1.0,
    0.9895833134651184,
    0.9963369965553284,
    0.9971098303794861,
    0.9975308775901794,
    0.9960629940032959,
    0.9927667379379272,
    0.9967948794364929,
    0.9967426657676697,
    0.9970972537994385,
    0.9946308732032776,
    0.9963099360466003,
    0.9950617551803589,
    0.9963548183441162,
    0.9951338171958923,
    0.9962825179100037,
    0.9963855147361755,
    0.996221661567688,
    0.9942987561225891,
    0.9936507940292358,
    0.994686484336853,
    0.9955357313156128,
    0.9954699873924255,
    0.9933847784996033,
    0.9947753548622131
  ],
  "val_recall": [
    0.0,
    0.0,
    0.0,
    0.0,
    0.0,
    0.0,
    0.0,
    0.0,
    0.0,
    0.0,
    0.0,
    0.0,
    0.0,
    0.0,
    0.0,
    0.008999999612569809,
    0.0949999988079071,
    0.2720000147819519,
    0.3449999988079071,
    0.40400001406669617,
    0.5059999823570251,
    0.5490000247955322,
    0.621999979019165,
    0.6119999885559082,
    0.6869999766349792,
    0.7409999966621399,
    0.8100000023841858,
    0.8059999942779541,
    0.8199999928474426,
    0.8180000185966492,
    0.8040000200271606,
    0.8270000219345093,
    0.7910000085830688,
    0.871999979019165,
    0.9390000104904175,
    0.9359999895095825,
    0.8920000195503235,
    0.8790000081062317,
    0.9010000228881836,
    0.9520000219345093
  ],